Reference,Qty,Value,Footprint,URL,Datasheet
Column1,Column2,Column3,Column4,Column5,Column6
"C1,C3,C9,C11",4,100nF,Capacitor_SMD:C_0805_2012Metric_Pad1.18x1.45mm_HandSolder,"https://fr.aliexpress.com/item/1005007123309391.html?spm=a2g0o.productlist.main.8.17396426oVNcHO&aem_p4p_detail=20260413010546766180711718890002376837&algo_pvid=d7eed463-85af-44a1-89e7-07b233714f7c&algo_exp_id=d7eed463-85af-44a1-89e7-07b233714f7c-7&pdp_ext_f=%7B""order""%3A""606""%2C""eval""%3A""1""%2C""fromPage""%3A""search""%7D&pdp_npi=6%40dis%21EUR%210.75%210.71%21%21%215.88%215.58%21%40211b612517760675459493183eb70b%2112000039476515743%21sea%21FR%214057000124%21X%211%210%21n_tag%3A-29919%3Bd%3A43fa4629%3Bm03_new_user%3A-29895&curPageLogUid=kxj1phJtiKrh&utparam-url=scene%3Asearch%7Cquery_from%3A%7Cx_object_id%3A1005007123309391%7C_p_origin_prod%3A&search_p4p_id=20260413010546766180711718890002376837_2",
C4,1,10nF,Capacitor_SMD:C_0805_2012Metric_Pad1.18x1.45mm_HandSolder,"https://fr.aliexpress.com/item/1005007123309391.html?spm=a2g0o.productlist.main.8.17396426oVNcHO&aem_p4p_detail=20260413010546766180711718890002376837&algo_pvid=d7eed463-85af-44a1-89e7-07b233714f7c&algo_exp_id=d7eed463-85af-44a1-89e7-07b233714f7c-7&pdp_ext_f=%7B""order""%3A""606""%2C""eval""%3A""1""%2C""fromPage""%3A""search""%7D&pdp_npi=6%40dis%21EUR%210.75%210.71%21%21%215.88%215.58%21%40211b612517760675459493183eb70b%2112000039476515743%21sea%21FR%214057000124%21X%211%210%21n_tag%3A-29919%3Bd%3A43fa4629%3Bm03_new_user%3A-29895&curPageLogUid=kxj1phJtiKrh&utparam-url=scene%3Asearch%7Cquery_from%3A%7Cx_object_id%3A1005007123309391%7C_p_origin_prod%3A&search_p4p_id=20260413010546766180711718890002376837_2",
C5,1,47pF,Capacitor_SMD:C_0805_2012Metric_Pad1.18x1.45mm_HandSolder,"https://fr.aliexpress.com/item/1005007123309391.html?spm=a2g0o.productlist.main.8.17396426oVNcHO&aem_p4p_detail=20260413010546766180711718890002376837&algo_pvid=d7eed463-85af-44a1-89e7-07b233714f7c&algo_exp_id=d7eed463-85af-44a1-89e7-07b233714f7c-7&pdp_ext_f=%7B""order""%3A""606""%2C""eval""%3A""1""%2C""fromPage""%3A""search""%7D&pdp_npi=6%40dis%21EUR%210.75%210.71%21%21%215.88%215.58%21%40211b612517760675459493183eb70b%2112000039476515743%21sea%21FR%214057000124%21X%211%210%21n_tag%3A-29919%3Bd%3A43fa4629%3Bm03_new_user%3A-29895&curPageLogUid=kxj1phJtiKrh&utparam-url=scene%3Asearch%7Cquery_from%3A%7Cx_object_id%3A1005007123309391%7C_p_origin_prod%3A&search_p4p_id=20260413010546766180711718890002376837_2",
C6,1,100uF,Capacitor_SMD:CP_Elec_6.3x7.7,https://fr.aliexpress.com/item/1005011788806644.html?spm=a2g0o.cart.0.0.241838da9CdVed&mp=1&pdp_npi=6%40dis%21EUR%21EUR%202.99%21EUR%202.61%21%21EUR%202.61%21%21%21%40210390c917760691755697531e12b5%2112000056577511678%21ct%21FR%214057000124%21%211%210%21&gatewayAdapt=glo2fra,
C7,1,1000uF,lib:1000uF_THT_CAP,Forge,
"C8,C12",2,10uF,Capacitor_SMD:CP_Elec_4x5.4,https://fr.aliexpress.com/item/1005011788806644.html?spm=a2g0o.cart.0.0.3d0a38daoh3vzD&mp=1&pdp_npi=6%40dis%21EUR%21EUR%202.99%21EUR%202.61%21%21EUR%202.61%21%21%21%40210390c917760690841224693e12b5%2112000056577511678%21ct%21FR%214057000124%21%211%210%21&gatewayAdapt=glo2fra,
C10,1,1uF,Capacitor_SMD:C_0805_2012Metric_Pad1.18x1.45mm_HandSolder,"https://fr.aliexpress.com/item/1005007123309391.html?spm=a2g0o.productlist.main.8.17396426oVNcHO&aem_p4p_detail=20260413010546766180711718890002376837&algo_pvid=d7eed463-85af-44a1-89e7-07b233714f7c&algo_exp_id=d7eed463-85af-44a1-89e7-07b233714f7c-7&pdp_ext_f=%7B""order""%3A""606""%2C""eval""%3A""1""%2C""fromPage""%3A""search""%7D&pdp_npi=6%40dis%21EUR%210.75%210.71%21%21%215.88%215.58%21%40211b612517760675459493183eb70b%2112000039476515743%21sea%21FR%214057000124%21X%211%210%21n_tag%3A-29919%3Bd%3A43fa4629%3Bm03_new_user%3A-29895&curPageLogUid=kxj1phJtiKrh&utparam-url=scene%3Asearch%7Cquery_from%3A%7Cx_object_id%3A1005007123309391%7C_p_origin_prod%3A&search_p4p_id=20260413010546766180711718890002376837_2",
D1,1,1N5822,Diode_THT:D_DO-201AD_P15.24mm_Horizontal,"https://fr.aliexpress.com/item/1005011993230684.html?spm=a2g0o.productlist.main.7.659720ba7eKx19&algo_pvid=ad0ecf95-64b1-43e4-af45-905572fe6ba0&algo_exp_id=ad0ecf95-64b1-43e4-af45-905572fe6ba0-6&pdp_ext_f=%7B""order""%3A""3""%2C""eval""%3A""1""%2C""fromPage""%3A""search""%7D&pdp_npi=6%40dis%21EUR%211.25%211.69%21%21%219.74%2113.18%21%4021038e6617760677289966647ed0b9%2112000057215789501%21sea%21FR%214057000124%21X%211%210%21n_tag%3A-29919%3Bd%3A43fa4629%3Bm03_new_user%3A-29895%3BpisId%3A5000000203717740&curPageLogUid=sJz5IqSAtpuW&utparam-url=scene%3Asearch%7Cquery_from%3A%7Cx_object_id%3A1005011993230684%7C_p_origin_prod%3A",http://www.vishay.com/docs/88526/1n5820.pdf
"D2,D3,D4,D5",4,LED,LED_SMD:LED_1206_3216Metric_Pad1.42x1.75mm_HandSolder,https://fr.aliexpress.com/item/1005008071252929.html?spm=a2g0o.cart.0.0.633038da0nIOVJ&mp=1&pdp_npi=6%40dis%21EUR%21EUR%202.64%21EUR%202.64%21%21EUR%202.64%21%21%21%40210390c917760693935054815e12b5%2112000043530474618%21ct%21FR%214057000124%21%211%210%21&gatewayAdapt=glo2fra,
IC1,1,SY8120B1ABC,lib:SOT95P285X140-6N,https://fr.aliexpress.com/item/1005006741598248.html?spm=a2g0o.cart.0.0.7c5538dawRMWSi&mp=1&pdp_npi=6%40dis%21EUR%21EUR%201.45%21EUR%201.41%21%21EUR%201.41%21%21%21%40210390c917760693228963519e12b5%2112000038154279988%21ct%21FR%214057000124%21%211%210%21&gatewayAdapt=glo2fra,https://datasheet.lcsc.com/szlcsc/Silergy-Corp-SY8120B1ABC_C88474.pdf
"IC2,IC3",2,"74HCT125D,653",lib:SOIC127P600X175-14N,"https://fr.aliexpress.com/item/1005010022053816.html?spm=a2g0o.detail.pcDetailTopMoreOtherSeller.1.76edwGJCwGJCNe&gps-id=pcDetailTopMoreOtherSeller&scm=1007.40050.354490.0&scm_id=1007.40050.354490.0&scm-url=1007.40050.354490.0&pvid=79d3aac6-f9a9-4090-8571-da51baa55c52&_t=gps-id:pcDetailTopMoreOtherSeller,scm-url:1007.40050.354490.0,pvid:79d3aac6-f9a9-4090-8571-da51baa55c52,tpp_buckets:668%232846%238110%231995&pdp_ext_f=%7B""order""%3A""62""%2C""spu_best_type""%3A""price""%2C""eval""%3A""1""%2C""sceneId""%3A""30050""%2C""fromPage""%3A""recommend""%7D&pdp_npi=6%40dis%21EUR%212.69%212.59%21%21%213.07%212.96%21%40211b61a417760697769953643e5310%2112000050863798374%21rec%21FR%214057000124%21X%211%210%21n_tag%3A-29919%3Bd%3A43fa4629%3Bm03_new_user%3A-29895%3BpisId%3A5000000204638773&utparam-url=scene%3ApcDetailTopMoreOtherSeller%7Cquery_from%3A%7Cx_object_id%3A1005010022053816%7C_p_origin_prod%3A#nav-specification",https://assets.nexperia.com/documents/data-sheet/74HC_HCT125.pdf
J1,1,USB_C_Receptacle_USB2.0_16P,Connector_USB:USB_C_Receptacle_HCTL_HC-TYPE-C-16P-01A,https://fr.aliexpress.com/item/1005009247123060.html?spm=a2g0o.cart.0.0.235338da2oZDqb&mp=1&pdp_npi=6%40dis%21EUR%21EUR%201.96%21EUR%201.80%21%21EUR%201.80%21%21%21%402103834817760700001177903e5bba%2112000048464413928%21ct%21FR%214057000124%21%211%210%21&gatewayAdapt=glo2fra,https://www.usb.org/sites/default/files/documents/usb_type-c.zip
J2,1,Conn_01x05_Pin,Connector_PinHeader_2.54mm:PinHeader_1x05_P2.54mm_Vertical,uart_header,
J3,1,Conn_01x02_Pin,lib:Vin_solder_pads,Wire_to_board,
J5,1,Conn_01x15,lib:D-15M,Forge,
L1,1,4.7uH,Inductor_SMD:L_7.3x7.3_H3.5,https://fr.aliexpress.com/item/4000227144494.html?spm=a2g0o.cart.0.0.252538da87g3Vr&mp=1&pdp_npi=6%40dis%21EUR%21EUR%201.42%21EUR%201.37%21%21EUR%201.37%21%21%21%402103834817760700803972860e5bba%2110000000903901100%21ct%21FR%214057000124%21%211%210%21&gatewayAdapt=glo2fra,
L2,1,100uH,Inductor_SMD:L_12x12mm_H6mm,https://fr.aliexpress.com/item/1005003561748084.html?spm=a2g0o.cart.0.0.6fc638dasIQxZa&mp=1&pdp_npi=6%40dis%21EUR%21EUR%201.31%21EUR%201.27%21%21EUR%201.27%21%21%21%40211b430817760703734664817e5448%2112000026293093305%21ct%21FR%214057000124%21%211%210%21&gatewayAdapt=glo2fra,
Q1,1,NPN,lib:TRANS_BC547C,"https://fr.aliexpress.com/item/1005001622592005.html?spm=a2g0o.productlist.main.12.138b407aVroh5B&aem_p4p_detail=202604070731124316138834925120000211149&algo_pvid=6d7de3ce-ffee-4c32-bbf0-75720cecd3e4&algo_exp_id=6d7de3ce-ffee-4c32-bbf0-75720cecd3e4-11&pdp_ext_f=%7B""order""%3A""43""%2C""eval""%3A""1""%2C""fromPage""%3A""search""%7D&pdp_npi=6%40dis%21EUR%212.34%212.27%21%21%212.63%212.55%21%40211b6c1917755722721398579e4c63%2112000016853744310%21sea%21FR%214057000124%21X%211%210%21n_tag%3A-29919%3Bd%3A43fa4629%3Bm03_new_user%3A-29895%3BpisId%3A5000000203430029&curPageLogUid=bqwOHorUxXNk&utparam-url=scene%3Asearch%7Cquery_from%3A%7Cx_object_id%3A1005001622592005%7C_p_origin_prod%3A&search_p4p_id=202604070731124316138834925120000211149_3",https://ngspice.sourceforge.io/docs/ngspice-html-manual/manual.xhtml#cha_BJTs
R1,1,100k,Resistor_SMD:R_0805_2012Metric_Pad1.20x1.40mm_HandSolder,"https://fr.aliexpress.com/item/1005006277097647.html?spm=a2g0o.productlist.main.4.5497609eoZ2an5&aem_p4p_detail=2026040805294610962765271214220000733075&algo_pvid=63fca2ac-0917-4ffc-b231-b461f8bb1c4e&algo_exp_id=63fca2ac-0917-4ffc-b231-b461f8bb1c4e-3&pdp_ext_f=%7B""order""%3A""362""%2C""eval""%3A""1""%2C""fromPage""%3A""search""%7D&pdp_npi=6%40dis%21EUR%210.41%210.41%21%21%213.17%213.17%21%40211b815c17756513867967579ebaf6%2112000036577211901%21sea%21FR%214057000124%21X%211%210%21n_tag%3A-29919%3Bd%3A43fa4629%3Bm03_new_user%3A-29895&curPageLogUid=2BeUodJ0CgJ5&utparam-url=scene%3Asearch%7Cquery_from%3A%7Cx_object_id%3A1005006277097647%7C_p_origin_prod%3A&search_p4p_id=2026040805294610962765271214220000733075_1",
R2,1,22.1k,Resistor_SMD:R_0805_2012Metric_Pad1.20x1.40mm_HandSolder,"https://fr.aliexpress.com/item/1005006277097647.html?spm=a2g0o.productlist.main.4.5497609eoZ2an5&aem_p4p_detail=2026040805294610962765271214220000733075&algo_pvid=63fca2ac-0917-4ffc-b231-b461f8bb1c4e&algo_exp_id=63fca2ac-0917-4ffc-b231-b461f8bb1c4e-3&pdp_ext_f=%7B""order""%3A""362""%2C""eval""%3A""1""%2C""fromPage""%3A""search""%7D&pdp_npi=6%40dis%21EUR%210.41%210.41%21%21%213.17%213.17%21%40211b815c17756513867967579ebaf6%2112000036577211901%21sea%21FR%214057000124%21X%211%210%21n_tag%3A-29919%3Bd%3A43fa4629%3Bm03_new_user%3A-29895&curPageLogUid=2BeUodJ0CgJ5&utparam-url=scene%3Asearch%7Cquery_from%3A%7Cx_object_id%3A1005006277097647%7C_p_origin_prod%3A&search_p4p_id=2026040805294610962765271214220000733075_1",
"R3,R4",2,5.1k,Resistor_SMD:R_0805_2012Metric_Pad1.20x1.40mm_HandSolder,"https://fr.aliexpress.com/item/1005006277097647.html?spm=a2g0o.productlist.main.4.5497609eoZ2an5&aem_p4p_detail=2026040805294610962765271214220000733075&algo_pvid=63fca2ac-0917-4ffc-b231-b461f8bb1c4e&algo_exp_id=63fca2ac-0917-4ffc-b231-b461f8bb1c4e-3&pdp_ext_f=%7B""order""%3A""362""%2C""eval""%3A""1""%2C""fromPage""%3A""search""%7D&pdp_npi=6%40dis%21EUR%210.41%210.41%21%21%213.17%213.17%21%40211b815c17756513867967579ebaf6%2112000036577211901%21sea%21FR%214057000124%21X%211%210%21n_tag%3A-29919%3Bd%3A43fa4629%3Bm03_new_user%3A-29895&curPageLogUid=2BeUodJ0CgJ5&utparam-url=scene%3Asearch%7Cquery_from%3A%7Cx_object_id%3A1005006277097647%7C_p_origin_prod%3A&search_p4p_id=2026040805294610962765271214220000733075_1",
"R5,R6,R10,R11",4,10k,Resistor_SMD:R_0805_2012Metric_Pad1.20x1.40mm_HandSolder,"https://fr.aliexpress.com/item/1005006277097647.html?spm=a2g0o.productlist.main.4.5497609eoZ2an5&aem_p4p_detail=2026040805294610962765271214220000733075&algo_pvid=63fca2ac-0917-4ffc-b231-b461f8bb1c4e&algo_exp_id=63fca2ac-0917-4ffc-b231-b461f8bb1c4e-3&pdp_ext_f=%7B""order""%3A""362""%2C""eval""%3A""1""%2C""fromPage""%3A""search""%7D&pdp_npi=6%40dis%21EUR%210.41%210.41%21%21%213.17%213.17%21%40211b815c17756513867967579ebaf6%2112000036577211901%21sea%21FR%214057000124%21X%211%210%21n_tag%3A-29919%3Bd%3A43fa4629%3Bm03_new_user%3A-29895&curPageLogUid=2BeUodJ0CgJ5&utparam-url=scene%3Asearch%7Cquery_from%3A%7Cx_object_id%3A1005006277097647%7C_p_origin_prod%3A&search_p4p_id=2026040805294610962765271214220000733075_1",
"R7,R8,R9,R12,R13",5,100,Resistor_SMD:R_0805_2012Metric_Pad1.20x1.40mm_HandSolder,"https://fr.aliexpress.com/item/1005006277097647.html?spm=a2g0o.productlist.main.4.5497609eoZ2an5&aem_p4p_detail=2026040805294610962765271214220000733075&algo_pvid=63fca2ac-0917-4ffc-b231-b461f8bb1c4e&algo_exp_id=63fca2ac-0917-4ffc-b231-b461f8bb1c4e-3&pdp_ext_f=%7B""order""%3A""362""%2C""eval""%3A""1""%2C""fromPage""%3A""search""%7D&pdp_npi=6%40dis%21EUR%210.41%210.41%21%21%213.17%213.17%21%40211b815c17756513867967579ebaf6%2112000036577211901%21sea%21FR%214057000124%21X%211%210%21n_tag%3A-29919%3Bd%3A43fa4629%3Bm03_new_user%3A-29895&curPageLogUid=2BeUodJ0CgJ5&utparam-url=scene%3Asearch%7Cquery_from%3A%7Cx_object_id%3A1005006277097647%7C_p_origin_prod%3A&search_p4p_id=2026040805294610962765271214220000733075_1",
"S1,S2",2,FSM8JH,lib:SW_FSM8JH,"https://fr.aliexpress.com/item/1005006049127824.html?spm=a2g0o.productlist.main.22.564f522enYqCg3&aem_p4p_detail=20260413020445957907482574000002119873&algo_pvid=ce93e31f-0f94-4986-9167-e5e00072dac8&algo_exp_id=ce93e31f-0f94-4986-9167-e5e00072dac8-19&pdp_ext_f=%7B""order""%3A""485""%2C""eval""%3A""1""%2C""fromPage""%3A""search""%7D&pdp_npi=6%40dis%21EUR%211.04%211.01%21%21%218.11%217.85%21%402103892f17760710849905834e88e4%2112000035489554247%21sea%21FR%214057000124%21X%211%210%21n_tag%3A-29919%3Bd%3A43fa4629%3Bm03_new_user%3A-29895&curPageLogUid=wT9P4K7MF6RZ&utparam-url=scene%3Asearch%7Cquery_from%3A%7Cx_object_id%3A1005006049127824%7C_p_origin_prod%3A&search_p4p_id=20260413020445957907482574000002119873_9",
U1,1,ESP32-S3-WROOM-1,RF_Module:ESP32-S3-WROOM-1,"https://fr.aliexpress.com/item/1005006713837988.html?spm=a2g0o.detail.pcDetailTopMoreOtherSeller.4.9631gycvgycv0z&gps-id=pcDetailTopMoreOtherSeller&scm=1007.40050.354490.0&scm_id=1007.40050.354490.0&scm-url=1007.40050.354490.0&pvid=d781eaf8-8ddd-4632-84f3-c981883c0665&_t=gps-id:pcDetailTopMoreOtherSeller,scm-url:1007.40050.354490.0,pvid:d781eaf8-8ddd-4632-84f3-c981883c0665,tpp_buckets:668%232846%238110%231995&pdp_ext_f=%7B""order""%3A""863""%2C""eval""%3A""1""%2C""sceneId""%3A""30050""%2C""fromPage""%3A""recommend""%7D&pdp_npi=6%40dis%21EUR%213.49%213.49%21%21%2126.95%2126.95%21%40211b80f717737751674848915ef200%2112000038076313990%21rec%21FR%214057000124%21XZ%211%210%21n_tag%3A-29919%3Bd%3A43fa4629%3Bm03_new_user%3A-29895&utparam-url=scene%3ApcDetailTopMoreOtherSeller%7Cquery_from%3A%7Cx_object_id%3A1005006713837988%7C_p_origin_prod%3A",https://www.espressif.com/sites/default/files/documentation/esp32-s3-wroom-1_wroom-1u_datasheet_en.pdf
U2,1,LM2576HVS-5,Package_TO_SOT_SMD:TO-263-5_TabPin3,"https://fr.aliexpress.com/item/1005007403267346.html?spm=a2g0o.productlist.main.4.37a8WIQ5WIQ5t6&aem_p4p_detail=202604041600251670301472897750001753694&algo_pvid=a1b17836-545f-4166-8b94-62574e884779&algo_exp_id=a1b17836-545f-4166-8b94-62574e884779-3&pdp_ext_f=%7B""order""%3A""50""%2C""eval""%3A""1""%2C""fromPage""%3A""search""%7D&pdp_npi=6%40dis%21EUR%211.74%211.73%21%21%211.96%211.95%21%402103834817753436250722762e4621%2112000040596529719%21sea%21FR%214057000124%21X%211%210%21n_tag%3A-29919%3Bd%3A43fa4629%3Bm03_new_user%3A-29895&curPageLogUid=ndvEGZHk0Yyv&utparam-url=scene%3Asearch%7Cquery_from%3A%7Cx_object_id%3A1005007403267346%7C_p_origin_prod%3A&search_p4p_id=202604041600251670301472897750001753694_1",http://www.ti.com/lit/ds/symlink/lm2576.pdf
U3,1,IRF4905S,lib:D2PAK,"https://fr.aliexpress.com/item/1005011681766493.html?spm=a2g0o.productlist.main.1.58790y9v0y9vny&algo_pvid=426320bd-137c-487d-9709-0ba7e469c399&algo_exp_id=426320bd-137c-487d-9709-0ba7e469c399-0&pdp_ext_f=%7B""order""%3A""10""%2C""eval""%3A""1""%2C""fromPage""%3A""search""%7D&pdp_npi=6%40dis%21EUR%214.65%214.29%21%21%2136.23%2133.44%21%40211b80e117760731840118614eec42%2112000056236284101%21sea%21FR%214057000124%21X%211%210%21n_tag%3A-29919%3Bd%3A43fa4629%3Bm03_new_user%3A-29895%3BpisId%3A5000000204638773&curPageLogUid=3ez9qkoMp5N5&utparam-url=scene%3Asearch%7Cquery_from%3A%7Cx_object_id%3A1005011681766493%7C_p_origin_prod%3A",
EXT_1,1,18V_PSU,HUGE,"https://fr.aliexpress.com/item/1005001855183032.html?spm=a2g0o.productlist.main.11.6d5e216fMM0te7&algo_pvid=a4a890f1-4ef4-488f-9aed-4af7d546ea11&algo_exp_id=a4a890f1-4ef4-488f-9aed-4af7d546ea11-10&pdp_ext_f=%7B""order""%3A""1983""%2C""spu_best_type""%3A""price""%2C""eval""%3A""1""%2C""fromPage""%3A""search""%7D&pdp_npi=6%40dis%21EUR%2115.72%2111.79%21%21%2117.70%2113.27%21%40211b876e17755942778884065e34e5%2112000017866972601%21sea%21FR%214057000124%21X%211%210%21n_tag%3A-29919%3Bd%3A43fa4629%3Bm03_new_user%3A-29895&curPageLogUid=5K1d4bKDQuEP&utparam-url=scene%3Asearch%7Cquery_from%3A%7Cx_object_id%3A1005001855183032%7C_p_origin_prod%3A",
EXT_2,1,C14_230V_connector,with_screw_terminals,"https://fr.aliexpress.com/item/1005005608668688.html?spm=a2g0o.detail.pcDetailTopMoreOtherSeller.6.1898FYQZFYQZvw&gps-id=pcDetailTopMoreOtherSeller&scm=1007.14452.396806.0&scm_id=1007.14452.396806.0&scm-url=1007.14452.396806.0&pvid=26e66d20-07ce-4e7b-bfc0-13b9ae0fe74d&_t=gps-id:pcDetailTopMoreOtherSeller,scm-url:1007.14452.396806.0,pvid:26e66d20-07ce-4e7b-bfc0-13b9ae0fe74d,tpp_buckets:668%232846%238110%231995&pdp_ext_f=%7B""order""%3A""661""%2C""spu_best_type""%3A""price""%2C""eval""%3A""1""%2C""sceneId""%3A""30050""%2C""fromPage""%3A""recommend""%7D&pdp_npi=6%40dis%21EUR%212.90%212.81%21%21%2122.60%2121.93%21%40211b612517760715385903009eb712%2112000033737046167%21rec%21FR%214057000124%21XZ%211%210%21n_tag%3A-29919%3Bd%3A43fa4629%3Bm03_new_user%3A-29895%3BpisId%3A5000000204638773&utparam-url=scene%3ApcDetailTopMoreOtherSeller%7Cquery_from%3A%7Cx_object_id%3A1005005608668688%7C_p_origin_prod%3A&search_p4p_id=202604130212186196219718205474897272_0",
EXT_3,1,EU_C14_power_lead,2.5mm²_section,"https://fr.aliexpress.com/item/1005009243323159.html?spm=a2g0o.productlist.main.1.4e3e5df3yraYhQ&algo_pvid=ff0d3d2e-9eac-4a87-bb23-cb711b61146b&algo_exp_id=ff0d3d2e-9eac-4a87-bb23-cb711b61146b-0&pdp_ext_f=%7B""order""%3A""848""%2C""eval""%3A""1""%2C""fromPage""%3A""search""%7D&pdp_npi=6%40dis%21EUR%216.47%216.39%21%21%2150.42%2149.79%21%4021039a5b17760715270983710e2de9%2112000048680993590%21sea%21FR%214057000124%21X%211%210%21n_tag%3A-29919%3Bd%3A43fa4629%3Bm03_new_user%3A-29895%3BpisId%3A5000000204638784&curPageLogUid=uNocJeFc6ovj&utparam-url=scene%3Asearch%7Cquery_from%3A%7Cx_object_id%3A1005009243323159%7C_p_origin_prod%3A",
